<?xml version="1.0" encoding="UTF-8"?>
<project-private xmlns="http://www.netbeans.org/ns/project-private/1">
    <editor-bookmarks xmlns="http://www.netbeans.org/ns/editor-bookmarks/2" lastBookmarkId="12">
        <file>
            <url>src/ledger/system/LedgerSystem.java</url>
            <bookmark id="1">
                <name/>
                <line>24</line>
                <key/>
            </bookmark>
            <bookmark id="2">
                <name/>
                <line>117</line>
                <key/>
            </bookmark>
            <bookmark id="3">
                <name/>
                <line>143</line>
                <key/>
            </bookmark>
        </file>
        <file>
            <url>src/ledger/system/Transactions.java</url>
            <bookmark id="12">
                <name/>
                <line>13</line>
                <key/>
            </bookmark>
        </file>
        <file>
            <url>src/database/AccountBalance.java</url>
            <bookmark id="4">
                <name/>
                <line>13</line>
                <key/>
            </bookmark>
            <bookmark id="5">
                <name/>
                <line>34</line>
                <key/>
            </bookmark>
            <bookmark id="6">
                <name/>
                <line>55</line>
                <key/>
            </bookmark>
            <bookmark id="7">
                <name/>
                <line>76</line>
                <key/>
            </bookmark>
            <bookmark id="10">
                <name/>
                <line>109</line>
                <key/>
            </bookmark>
            <bookmark id="11">
                <name/>
                <line>128</line>
                <key/>
            </bookmark>
        </file>
        <file>
            <url>src/database/transactionsTable.java</url>
            <bookmark id="9">
                <name/>
                <line>14</line>
                <key/>
            </bookmark>
        </file>
    </editor-bookmarks>
    <open-files xmlns="http://www.netbeans.org/ns/projectui-open-files/2">
        <group>
            <file>file:/D:/UM%20Regardings/WIX1002/Lab/Ledger%20System/src/ledger/system/LedgerSystem.java</file>
        </group>
    </open-files>
</project-private>
